﻿pos_x,pos_y,rotation,side,designator,mpn,pack,footprint,value,mount_type
131.86,-69.0,0.0,top,J1,,,TerminalBlock_MaiXu_MX126-5.0-03P_1x03_P5.00mm,LED,tht
95.55,-53.02,0.0,top,J2,,,JST_PH_B2B-PH-K_1x02_P2.00mm_Vertical,Conn_01x02_Pin,tht
143.91,-113.79,-90.0,top,J3,,,PinHeader_2x06_P2.54mm_Vertical,Level Shift,tht
140.23,-48.91,-90.0,top,J4,,,TerminalBlock_MaiXu_MX126-5.0-03P_1x03_P5.00mm,Anemometer,tht
95.4,-120.82,180.0,top,J6,,,TerminalBlock_MaiXu_MX126-5.0-03P_1x03_P5.00mm,DHT22,tht
120.92,-133.46,180.0,top,J7,,,TerminalBlock_MaiXu_MX126-5.0-04P_1x04_P5.00mm,LightSensor,tht
118.14,-59.12,90.0,top,R1,,,R_Axial_DIN0207_L6.3mm_D2.5mm_P10.16mm_Horizontal,22k,tht
133.87,-96.38,90.0,top,R2,,,R_Axial_DIN0207_L6.3mm_D2.5mm_P10.16mm_Horizontal,100,tht
109.16,-49.08,-90.0,top,R3,,,R_Axial_DIN0207_L6.3mm_D2.5mm_P10.16mm_Horizontal,10k,tht
141.9,-96.3,90.0,top,R4,,,R_Axial_DIN0207_L6.3mm_D2.5mm_P10.16mm_Horizontal,100,tht
102.39,-72.35,0.0,top,U1,,,mod2_Adafruit_Feather_32u4_RFM_WithMountingHoles_1,Feather 32u4 LoRa SMT,tht
