﻿Designator,Quantity,Value,Footprint,Package,MPN,DNP,Mount_Type,Description,Supplier Part,Supplier
J1,1,LED,TerminalBlock_MaiXu_MX126-5.0-03P_1x03_P5.00mm,,,,tht,"Generic screw terminal, single row, 01x03, script generated (kicad-library-utils/schlib/autogen/connector/)",,
J2,1,Conn_01x02_Pin,JST_PH_B2B-PH-K_1x02_P2.00mm_Vertical,,,,tht,"Generic connector, single row, 01x02, script generated",,
J3,1,Level Shift,PinHeader_2x06_P2.54mm_Vertical,,,,tht,"Generic connector, double row, 02x06, counter clockwise pin numbering scheme (similar to DIP package numbering), script generated (kicad-library-utils/schlib/autogen/connector/)",,
J4,1,Anemometer,TerminalBlock_MaiXu_MX126-5.0-03P_1x03_P5.00mm,,,,tht,"Generic screw terminal, single row, 01x03, script generated (kicad-library-utils/schlib/autogen/connector/)",,
J6,1,DHT22,TerminalBlock_MaiXu_MX126-5.0-03P_1x03_P5.00mm,,,,tht,"Generic screw terminal, single row, 01x03, script generated (kicad-library-utils/schlib/autogen/connector/)",,
J7,1,LightSensor,TerminalBlock_MaiXu_MX126-5.0-04P_1x04_P5.00mm,,,,tht,"Generic screw terminal, single row, 01x04, script generated (kicad-library-utils/schlib/autogen/connector/)",,
R1,1,22k,R_Axial_DIN0207_L6.3mm_D2.5mm_P10.16mm_Horizontal,,,,tht,Resistor,,
"R2, R4",2,100,R_Axial_DIN0207_L6.3mm_D2.5mm_P10.16mm_Horizontal,,,,tht,Resistor,,
R3,1,10k,R_Axial_DIN0207_L6.3mm_D2.5mm_P10.16mm_Horizontal,,,,tht,Resistor,,
U1,1,Feather 32u4 LoRa SMT,mod2_Adafruit_Feather_32u4_RFM_WithMountingHoles_1,,,,tht,,1528-1660-ND,Digi-Key
