﻿Designator,Quantity,Value,Footprint,Package,MPN,DNP,Mount_Type,Description,Supplier Part,Supplier
J1,1,LED,TerminalBlock_MaiXu_MX126-5.0-03P_1x03_P5.00mm,,,,tht,"Generic screw terminal, single row, 01x03, script generated (kicad-library-utils/schlib/autogen/connector/)",,
J2,1,SmartShunt,TerminalBlock_MaiXu_MX126-5.0-02P_1x02_P5.00mm,,,,tht,"Generic screw terminal, single row, 01x02, script generated (kicad-library-utils/schlib/autogen/connector/)",,
J3,1,Battery +/-,JST_PH_B2B-PH-K_1x02_P2.00mm_Vertical,,,,tht,"Generic connector, single row, 01x02, script generated",,
J5,1,ebikes,TerminalBlock_MaiXu_MX126-5.0-08P_1x08_P5.00mm,,,,tht,"Generic screw terminal, single row, 01x08, script generated (kicad-library-utils/schlib/autogen/connector/)",,
J6,1,DHT22,TerminalBlock_MaiXu_MX126-5.0-03P_1x03_P5.00mm,,,,tht,"Generic screw terminal, single row, 01x03, script generated (kicad-library-utils/schlib/autogen/connector/)",,
R1,1,22k,R_Axial_DIN0207_L6.3mm_D2.5mm_P10.16mm_Horizontal,,,,tht,Resistor,,
"R10, R12, R14, R5, R8",5,18k,R_Axial_DIN0207_L6.3mm_D2.5mm_P10.16mm_Horizontal,,,,tht,Resistor,,
"R11, R13, R3, R6, R7, R9",6,10k,R_Axial_DIN0207_L6.3mm_D2.5mm_P10.16mm_Horizontal,,,,tht,Resistor,,
"R2, R4",2,100,R_Axial_DIN0207_L6.3mm_D2.5mm_P10.16mm_Horizontal,,,,tht,Resistor,,
U1,1,Feather 32u4 LoRa SMT,mod2_Adafruit_Feather_32u4_RFM_WithMountingHoles_1,,,,tht,,1528-1660-ND,Digi-Key
