﻿pos_x,pos_y,rotation,side,designator,mpn,pack,footprint,value,mount_type
153.51,-85.58,0.0,top,J1,,,TerminalBlock_MaiXu_MX126-5.0-03P_1x03_P5.00mm,LED,tht
109.62,-103.58,0.0,top,J2,,,TerminalBlock_MaiXu_MX126-5.0-02P_1x02_P5.00mm,SmartShunt,tht
148.5,-57.5,-90.0,top,J3,,,JST_PH_B2B-PH-K_1x02_P2.00mm_Vertical,Battery +/-,tht
151.5,-153.5,180.0,top,J5,,,TerminalBlock_MaiXu_MX126-5.0-08P_1x08_P5.00mm,ebikes,tht
106.8,-71.03,0.0,top,J6,,,TerminalBlock_MaiXu_MX126-5.0-03P_1x03_P5.00mm,DHT22,tht
153.3,-69.04,0.0,top,R1,,,R_Axial_DIN0207_L6.3mm_D2.5mm_P10.16mm_Horizontal,22k,tht
153.83,-141.73,90.0,top,R10,,,R_Axial_DIN0207_L6.3mm_D2.5mm_P10.16mm_Horizontal,18k,tht
158.83,-141.57,90.0,top,R11,,,R_Axial_DIN0207_L6.3mm_D2.5mm_P10.16mm_Horizontal,10k,tht
163.83,-141.57,90.0,top,R12,,,R_Axial_DIN0207_L6.3mm_D2.5mm_P10.16mm_Horizontal,18k,tht
106.19,-117.65,0.0,top,R13,,,R_Axial_DIN0207_L6.3mm_D2.5mm_P10.16mm_Horizontal,10k,tht
106.61,-123.65,0.0,top,R14,,,R_Axial_DIN0207_L6.3mm_D2.5mm_P10.16mm_Horizontal,18k,tht
155.06,-109.87,90.0,top,R2,,,R_Axial_DIN0207_L6.3mm_D2.5mm_P10.16mm_Horizontal,100,tht
137.8,-69.04,0.0,top,R3,,,R_Axial_DIN0207_L6.3mm_D2.5mm_P10.16mm_Horizontal,10k,tht
161.56,-109.37,90.0,top,R4,,,R_Axial_DIN0207_L6.3mm_D2.5mm_P10.16mm_Horizontal,100,tht
110.25,-141.92,90.0,top,R5,,,R_Axial_DIN0207_L6.3mm_D2.5mm_P10.16mm_Horizontal,18k,tht
105.25,-141.92,90.0,top,R6,,,R_Axial_DIN0207_L6.3mm_D2.5mm_P10.16mm_Horizontal,10k,tht
115.25,-141.84,90.0,top,R7,,,R_Axial_DIN0207_L6.3mm_D2.5mm_P10.16mm_Horizontal,10k,tht
120.25,-141.92,90.0,top,R8,,,R_Axial_DIN0207_L6.3mm_D2.5mm_P10.16mm_Horizontal,18k,tht
149.13,-141.65,90.0,top,R9,,,R_Axial_DIN0207_L6.3mm_D2.5mm_P10.16mm_Horizontal,10k,tht
124.08,-88.39,0.0,top,U1,,,mod2_Adafruit_Feather_32u4_RFM_WithMountingHoles_1,Feather 32u4 LoRa SMT,tht
